passge_id	node_id	numChildren	edge_tag	edge_id	edge	composite	simple_adverb	negation	modal_aux	word_count	adjective	discontinuous
36	1.35	1 	D	1.36->1.35	Without	0	0	0	0	1		
36	1.71	1 	D	1.63->1.71	especially	0	1	0	0	1		
36	1.124	1 	D	1.74->1.124	extremely	0	1	0	0	1		
37	1.45	1 	D	1.44->1.45	infinitely	0	1	0	0	1		
38	1.22	2 	D	1.2->1.22	[E pretty] [C closely] 	1	0	0	0	4		
38	1.81	2 	D	1.78->1.81	in bulk	0	0	0	0	2		
38	1.111	1 	D	1.92->1.111	would	0	0	0	1	1		
39	1.67	1 	D	1.2->1.67	could	0	0	0	1	1		
39	1.68	1 	D	1.2->1.68	still	0	0	0	0	1		
39	1.76	1 	D	1.70->1.76	greatly	0	1	0	0	1		
40	1.15	1 	D	1.10->1.15	undeniable	0	0	0	0	1		
40	1.35	1 	D	1.33->1.35	can	0	0	0	0	1		
40	1.48	1 	D	1.43->1.48	unearthly	0	1	0	0	1		
40	1.68	2 	D	1.64->1.68	had to	0	0	0	0	2		
41	1.46	2 	D	1.44->1.46	[R at] [C first] 	1	0	0	0	4		
41	1.115	1 	D	1.111->1.115	intermittent	0	0	0	0	1		
41	1.129	3 	D	1.122->1.129	[C [E fair] ... [C* dealings] ] [N and] [C honest] 	1	0	0	0	10		
41	1.150	1 	D	1.148->1.150	could	0	0	0	1	1		
42	1.7	1 	D	1.2->1.7	likewise	0	0	0	0	1		
42	1.40	1 	D	1.35->1.40	could	0	0	0	1	1		
42	1.51	3 	D	1.35->1.51	[R with] [E startling] [C swiftness] 	1	0	0	0	6		
43	1.54	1 	D	1.2->1.54	respectively	0	1	0	0	1		
43	1.94	1 	D	1.85->1.94	able	0	0	0	0	1		
44	1.3	3 	D	1.2->1.3	[C One] [R after] [C another] 	1	0	1	0	6		
44	1.15	1 	D	1.12->1.15	profoundly	0	1	0	0	1		
44	1.68	2 	D	1.67->1.68	dead ... earnest	0	0	0	0	3		
44	1.116	1 	D	1.99->1.116	deeply	0	1	0	0	1		
45	1.114	1 	D	1.111->1.114	could	0	0	0	1	1		
47	1.13	3 	D	1.12->1.13	[R With] [E inexhaustible] [C zest] 	1	0	0	0	6		
47	1.22	1 	D	1.12->1.22	took	0	0	0	0	1		
47	1.106	1 	D	1.103->1.106	n't	0	0	1	0	1		
47	1.124	2 	D	1.122->1.124	[R in] [C essence] 	1	0	0	0	4		
47	1.132	1 	D	1.127->1.132	n't	0	0	1	0	1		
47	1.206	2 	D	1.182->1.206	for good	0	0	0	0	2		
47	1.245	1 	D	1.240->1.245	universal	0	0	0	0	1		
48	1.28	1 	D	1.25->1.28	n't	0	0	1	0	1		
48	1.54	2 	D	1.50->1.54	[E no] [C longer] 	1	0	1	0	4		
48	1.93	2 	D	1.88->1.93	[E entirely] [C new] 	1	0	0	0	4		
48	1.101	1 	D	1.97->1.101	again	0	0	0	0	1		
49	1.62	1 	D	1.58->1.62	combined	0	0	0	0	1		
49	1.102	1 	D	1.88->1.102	would	0	0	0	1	1		
49	1.115	1 	D	1.114->1.115	together	0	0	0	0	1		
50	1.19	1 	D	1.16->1.19	beginning	0	0	0	0	1		
50	1.51	2 	D	1.47->1.51	[E most] [C scrupulous] 	1	0	0	0	4		
50	1.85	1 	D	1.76->1.85	violently	0	1	0	0	1		
50	1.111	1 	D	1.109->1.111	apparently	0	1	0	0	1		
50	1.138	1 	D	1.135->1.138	unable	0	0	0	0	1		
51	1.9	1 	D	1.8->1.9	extremely	0	1	0	0	1		
51	1.15	1 	D	1.2->1.15	might	0	0	0	1	1		
51	1.36	1 	D	1.28->1.36	n't	0	0	1	0	1		
51	1.63	1 	D	1.59->1.63	new	0	0	0	0	1		
51	1.91	1 	D	1.87->1.91	immense	0	0	0	0	1		
52	1.16	1 	D	1.12->1.16	English	0	0	0	0	1		
52	1.139	1 	D	1.129->1.139	just	0	0	0	0	1		
52	1.143	1 	D	1.120->1.143	successively	0	1	0	0	1		
52	1.200	1 	D	1.195->1.200	ever	0	0	0	0	1		
53	1.18	1 	D	1.16->1.18	can	0	0	0	0	1		
53	1.19	1 	D	1.16->1.19	fully	0	1	0	0	1		
53	1.42	1 	D	1.38->1.42	shrewd	0	0	0	0	1		
53	1.46	1 	D	1.45->1.46	No	0	0	1	0	1		
53	1.60	1 	D	1.59->1.60	no	0	0	1	0	1		
53	1.82	1 	D	1.72->1.82	made	0	0	0	0	1		
53	1.83	1 	D	1.72->1.83	2,000	0	0	0	0	1		
53	1.84	1 	D	1.72->1.84	Atlantic	0	0	0	0	1		
53	1.86	1 	D	1.87->1.86	without	0	0	0	0	1		
53	1.86	1 	D	1.94->1.86	without	0	0	0	0	1		
53	1.123	1 	D	1.122->1.123	strong	0	0	0	0	1		
53	1.131	1 	D	1.129->1.131	still	0	0	0	0	1		
53	1.145	1 	D	1.143->1.145	can	0	0	0	0	1		
54	1.74	3 	D	1.64->1.74	[R with] [E perfect] [C steadiness] 	1	0	0	0	6		
55	1.33	1 	D	1.2->1.33	occurred	0	0	0	0	1		
55	1.37	1 	D	1.35->1.37	scarcely	0	1	0	0	1		
55	1.39	3 	D	1.35->1.39	[F on] [E the] [C whole] 	1	0	0	0	6		
56	1.7	1 	D	1.2->1.7	n't	0	0	1	0	1		
56	1.51	1 	D	1.46->1.51	would	0	0	0	1	1		
56	1.60	5 	D	1.59->1.60	had it not been for	0	0	1	0	5		
57	1.10	1 	D	1.5->1.10	quite	0	0	0	0	1		
57	1.18	1 	D	1.14->1.18	hastened	0	0	0	0	1		
57	1.27	1 	D	1.23->1.27	could	0	0	0	1	1		
57	1.29	1 	D	1.23->1.29	no	0	0	1	0	1		
57	1.30	1 	D	1.23->1.30	immediate	0	0	0	0	1		
57	1.48	1 	D	1.44->1.48	could	0	0	0	1	1		
57	1.53	3 	D	1.44->1.53	[R with] [C impunity] [U .] 	1	0	0	0	6		
58	1.55	1 	D	1.49->1.55	n't	0	0	1	0	1		
58	1.66	1 	D	1.62->1.66	would	0	0	0	1	1		
58	1.69	1 	D	1.62->1.69	abruptly	0	1	0	0	1		
59	1.61	1 	D	1.55->1.61	could	0	0	0	1	1		
59	1.62	1 	D	1.55->1.62	not	0	0	1	0	1		
59	1.74	1 	D	1.68->1.74	half	0	0	0	0	1		
59	1.82	2 	D	1.77->1.82	no choice	0	0	1	0	2		
60	1.7	1 	D	1.2->1.7	proceeded	0	0	0	0	1		
60	1.26	1 	D	1.24->1.26	could	0	0	0	1	1		
60	1.27	1 	D	1.24->1.27	n't	0	0	1	0	1		
60	1.75	2 	D	1.64->1.75	[E so] [C perfectly] 	1	0	0	0	4		
60	1.84	1 	D	1.80->1.84	could	0	0	0	1	1		
60	1.99	1 	D	1.97->1.99	must	0	0	0	0	1		
60	1.110	1 	D	1.108->1.110	uncommon	0	0	0	0	1		
60	1.143	1 	D	1.138->1.143	needed	0	0	0	0	1		
61	1.20	2 	D	1.14->1.20	all over	0	0	0	0	2		
61	1.59	2 	D	1.54->1.59	had to	0	0	0	0	2		
61	1.111	1 	D	1.110->1.111	supposedly	0	1	0	0	1		
62	1.35	1 	D	1.23->1.35	become	0	0	0	0	1		
62	1.36	3 	D	1.23->1.36	[C more] [N and] [C more] 	1	0	0	0	6		
62	1.50	2 	D	1.48->1.50	straight out	0	0	0	0	2		
62	1.55	3 	D	1.51->1.55	[R at] [E all] [C cost] 	1	0	0	0	6		
passge_id	node_id	numChildren	edge_tag	edge_id	edge	composite	simple_adverb	negation	modal_aux	word_count	adjective	discontinuous
286	1.140	1 	D	1.130->1.140	busy	0	0	0	0	1		
287	1.5	1 	D	1.2->1.5	perfectly	0	1	0	0	1		
287	1.26	1 	D	1.25->1.26	how	0	0	0	0	1		
287	1.29	1 	D	1.25->1.29	not	0	0	1	0	1		
287	1.63	1 	D	1.62->1.63	Finding	0	0	0	0	1		
288	1.43	2 	D	1.42->1.43	not quite	0	0	1	0	2		
288	1.47	1 	D	1.20->1.47	completely	0	1	0	0	1		
288	1.68	1 	D	1.67->1.68	how	0	0	0	0	1		
288	1.69	1 	D	1.67->1.69	could	0	0	0	1	1		
290	1.5	1 	D	1.4->1.5	only	0	1	0	0	1		
290	1.6	1 	D	1.4->1.6	two	0	0	0	0	1		
290	1.7	1 	D	1.4->1.7	possible	0	0	0	0	1		
290	1.43	1 	D	1.38->1.43	colossal	0	0	0	0	1		
290	1.64	1 	D	1.55->1.64	tremendous	0	0	0	0	1		
290	1.65	1 	D	1.55->1.65	motor	0	0	0	0	1		
291	1.12	1 	D	1.5->1.12	completely	0	1	0	0	1		
291	1.17	1 	D	1.15->1.17	could	0	0	0	1	1		
291	1.18	1 	D	1.15->1.18	n't	0	0	1	0	1		
291	1.53	2 	D	1.39->1.53	[C less] [R than] 	1	0	0	0	4		
291	1.71	1 	D	1.69->1.71	could	0	0	0	1	1		
292	1.7	1 	D	1.2->1.7	could	0	0	0	1	1		
292	1.67	1 	D	1.63->1.67	could	0	0	0	1	1		
292	1.105	2 	D	1.103->1.105	[R in] [C turn] 	1	0	0	0	4		
292	1.108	1 	D	1.103->1.108	will	0	0	0	0	1		
292	1.126	1 	D	1.123->1.126	will	0	0	0	0	1		
293	1.20	1 	D	1.19->1.20	formal	0	0	0	0	1		
293	1.34	1 	D	1.30->1.34	public	0	0	0	0	1		
293	1.42	1 	D	1.40->1.42	transoceanic	0	0	0	0	1		
293	1.57	1 	D	1.47->1.57	could	0	0	0	1	1		
293	1.58	1 	D	1.47->1.58	not	0	0	1	0	1		
293	1.65	1 	D	1.64->1.65	how	0	0	0	0	1		
293	1.66	1 	D	1.64->1.66	could	0	0	0	1	1		
293	1.80	1 	D	1.78->1.80	public	0	0	0	0	1		
293	1.94	1 	D	1.83->1.94	would	0	0	0	1	1		
293	1.97	1 	D	1.83->1.97	enough	0	0	1	0	1		
293	1.120	1 	D	1.111->1.120	constant	0	0	0	0	1		
294	1.49	1 	D	1.37->1.49	ultimately	0	1	0	0	1		
295	1.8	1 	D	1.3->1.8	again	0	0	0	0	1		
295	1.33	1 	D	1.27->1.33	got	0	0	0	0	1		
296	1.14	2 	D	1.10->1.14	[C did me the honor] [R of] 	1	0	1	0	7		
296	1.53	1 	D	1.51->1.53	Well	0	0	0	0	1		
296	1.99	1 	D	1.97->1.99	could	0	0	0	1	1		
296	1.123	1 	D	1.121->1.123	no	0	0	1	0	1		
296	1.136	2 	D	1.128->1.136	had to	0	0	0	0	2		
296	1.138	2 	D	1.128->1.138	straight out	0	0	0	0	2		
296	1.173	3 	D	1.167->1.173	no matter what	0	0	1	0	3		
297	1.9	1 	D	1.7->1.9	could	0	0	0	1	1		
297	1.10	1 	D	1.7->1.10	no	0	0	1	0	1		
297	1.11	1 	D	1.7->1.11	longer	0	0	0	0	1		
297	1.16	1 	D	1.14->1.16	let	0	0	0	0	1		
298	1.20	3 	D	1.13->1.20	[C one] [R by] [C one] 	1	0	0	0	6		
298	1.28	1 	D	1.25->1.28	forced	0	0	0	0	1		
298	1.50	1 	D	1.49->1.50	extremely	0	1	0	0	1		
299	1.18	1 	D	1.7->1.18	totally	0	1	0	0	1		
299	1.30	1 	D	1.24->1.30	able	0	0	0	0	1		
299	1.90	1 	D	1.87->1.90	almost	0	0	0	0	1		
299	1.91	1 	D	1.87->1.91	beyond	0	0	0	0	1		
300	1.22	1 	D	1.9->1.22	can	0	0	0	0	1		
301	1.27	1 	D	1.24->1.27	not	0	0	1	0	1		
302	1.11	1 	D	1.8->1.11	not	0	0	1	0	1		
302	1.23	1 	D	1.21->1.23	still	0	0	0	0	1		
302	1.35	1 	D	1.32->1.35	more	0	0	0	0	1		
302	1.69	1 	D	1.65->1.69	basically	0	1	0	0	1		
302	1.70	3 	D	1.65->1.70	[E cast] [U -] [C iron] 	1	0	0	0	6		
302	1.113	1 	D	1.94->1.113	can	0	0	0	0	1		
302	1.124	4 	D	1.94->1.124	[R for] [E long] [C intervals] [U .] 	1	0	0	0	8		
303	1.27	1 	D	1.25->1.27	must	0	0	0	0	1		
303	1.42	1 	D	1.40->1.42	already	0	0	0	0	1		
303	1.52	3 	D	1.46->1.52	[E would] [F be] [C inclined] 	1	0	0	0	6		
304	1.19	1 	D	1.7->1.19	often	0	0	0	0	1		
304	1.20	1 	D	1.7->1.20	reaches	0	0	0	0	1		
304	1.83	1 	D	1.81->1.83	would	0	0	0	1	1		
305	1.85	3 	D	1.79->1.85	[R with] [E invariable] [C success] 	1	0	0	0	6		
305	1.102	1 	D	1.100->1.102	difficulty	0	0	0	0	1		
305	1.116	2 	D	1.111->1.116	[C clean] [E [C* vessels] [R through] ] 	1	0	0	0	7		
306	1.18	2 	D	1.12->1.18	[E ten] [C times] 	1	0	0	0	4		
306	1.29	2 	D	1.25->1.29	[E [E ten] [C times] ] [C more] 	1	0	0	0	7		
306	1.70	1 	D	1.67->1.70	just	0	0	0	0	1		
307	1.12	1 	D	1.10->1.12	becomes	0	0	0	0	1		
307	1.13	1 	D	1.10->1.13	more	0	0	0	0	1		
307	1.26	1 	D	1.24->1.26	colossal	0	0	0	0	1		
307	1.30	2 	D	1.29->1.30	no longer	0	0	1	0	2		
307	1.72	1 	D	1.62->1.72	would	0	0	0	1	1		
307	1.74	1 	D	1.62->1.74	simultaneously	0	1	0	0	1		
308	1.46	1 	D	1.26->1.46	still	0	0	0	0	1		
309	1.20	1 	D	1.18->1.20	could	0	0	0	1	1		
309	1.24	1 	D	1.22->1.24	wanted	0	0	0	0	1		
309	1.33	1 	D	1.32->1.33	not	0	0	1	0	1		
309	1.49	1 	D	1.47->1.49	do	0	0	0	0	1		
309	1.54	1 	D	1.52->1.54	raucously	0	1	0	0	1		
310	1.8	1 	D	1.2->1.8	hotly	0	1	0	0	1		
310	1.17	2 	D	1.13->1.17	fine old	0	0	0	0	2		
310	1.42	1 	D	1.40->1.42	free	0	0	0	0	1		
310	1.56	1 	D	1.55->1.56	impressive	0	0	0	0	1		
310	1.70	1 	D	1.65->1.70	precisely	0	1	0	0	1		
310	1.176	1 	D	1.173->1.176	Why	0	0	0	0	1		
310	1.177	1 	D	1.173->1.177	not	0	0	1	0	1		
310	1.226	1 	D	1.222->1.226	gradually	0	1	0	0	1		
310	1.227	1 	D	1.222->1.227	made	0	0	0	0	1		
310	1.239	1 	D	1.230->1.239	could	0	0	0	1	1		
310	1.240	1 	D	1.230->1.240	n't	0	0	1	0	1		
310	1.265	1 	D	1.263->1.265	never	0	0	0	0	1		
310	1.274	1 	D	1.268->1.274	almost	0	0	0	0	1		
310	1.280	1 	D	1.279->1.280	Could	0	0	0	1	1		
310	1.281	1 	D	1.279->1.281	n't	0	0	1	0	1		
311	1.5	1 	D	1.3->1.5	must	0	0	0	0	1		
311	1.6	1 	D	1.3->1.6	n't	0	0	1	0	1		
312	1.9	1 	D	1.4->1.9	purely	0	1	0	0	1		
312	1.61	1 	D	1.58->1.61	transoceanic	0	0	0	0	1		
312	1.77	1 	D	1.64->1.77	chiefly	0	1	0	0	1		
312	1.112	1 	D	1.110->1.112	threatened	0	0	0	0	1		
313	1.33	2 	D	1.27->1.33	under way	0	0	0	0	2		
313	1.96	1 	D	1.93->1.96	energetically	0	1	0	0	1		
314	1.20	1 	D	1.13->1.20	made	0	0	0	0	1		
314	1.35	1 	D	1.34->1.35	no	0	0	1	0	1		
314	1.36	1 	D	1.34->1.36	further	0	0	0	0	1		
314	1.54	1 	D	1.53->1.54	Not	0	0	1	0	1		
314	1.83	1 	D	1.80->1.83	constantly	0	1	0	0	1		
315	1.80	1 	D	1.50->1.80	again	0	0	0	0	1		
316	1.9	1 	D	1.7->1.9	intense	0	0	0	0	1		
316	1.13	2 	D	1.12->1.13	[C Not] [E even] 	1	0	1	0	4		
316	1.54	1 	D	1.53->1.54	Not	0	0	1	0	1		
316	1.71	1 	D	1.69->1.71	needed	0	0	0	0	1		
316	1.72	1 	D	1.69->1.72	only	0	1	0	0	1		
316	1.92	1 	D	1.82->1.92	would	0	0	0	1	1		
316	1.104	3 	D	1.103->1.104	nothing more than	0	0	1	0	3		
318	1.16	2 	D	1.14->1.16	[E would] [C like] 	1	0	0	0	4		
318	1.38	1 	D	1.30->1.38	will	0	0	0	0	1		
318	1.40	1 	D	1.30->1.40	pleased	0	0	0	0	1		
passge_id	node_id	numChildren	edge_tag	edge_id	edge	composite	simple_adverb	negation	modal_aux	word_count	adjective	discontinuous
814	1.21	2 	D	1.19->1.21	no more	0	0	1	0	2		
814	1.64	2 	D	1.61->1.64	[R at] [C last] 	1	0	0	0	4		
814	1.73	1 	D	1.70->1.73	true	0	0	0	0	1		
814	1.79	1 	D	1.76->1.79	sole	0	0	0	0	1		
815	1.21	1 	D	1.20->1.21	badly	0	1	0	0	1		
815	1.22	1 	D	1.20->1.22	needing	0	0	0	0	1		
815	1.30	2 	D	1.27->1.30	nothing more	0	0	1	0	2		
815	1.39	1 	D	1.32->1.39	again	0	0	0	0	1		
815	1.66	1 	D	1.63->1.66	could	0	0	0	1	1		
815	1.80	1 	D	1.79->1.80	another	0	0	1	0	1		
816	1.27	1 	D	1.23->1.27	may	0	0	0	0	1		
816	1.30	1 	D	1.23->1.30	enough	0	0	1	0	1		
816	1.48	1 	D	1.43->1.48	may	0	0	0	0	1		
816	1.50	1 	D	1.43->1.50	let	0	0	0	0	1		
816	1.64	1 	D	1.62->1.64	'll	0	0	0	0	1		
817	1.9	1 	D	1.3->1.9	would	0	0	0	1	1		
817	1.10	2 	D	1.3->1.10	have to	0	0	0	0	2		
817	1.29	4 	D	1.24->1.29	[E [R by] [C way] [R of] ] [E the] [C Antipodes] [U .] 	1	0	0	0	13		
818	1.10	5 	D	1.2->1.10	[R in] [E an] [E impatient] [C voice] [U .] 	1	0	0	0	10		
819	1.36	1 	D	1.33->1.36	genuinely	0	1	0	0	1		
819	1.49	1 	D	1.46->1.49	born	0	0	0	0	1		
819	1.54	2 	D	1.52->1.54	[R on] [C principle] 	1	0	0	0	4		
819	1.59	1 	D	1.58->1.59	habitually	0	1	0	0	1		
819	1.63	1 	D	1.62->1.63	rarely	0	1	0	0	1		
819	1.73	1 	D	1.72->1.73	very	0	0	0	0	1		
820	1.43	1 	D	1.40->1.43	seasoned	0	0	0	0	1		
820	1.57	1 	D	1.55->1.57	could	0	0	0	1	1		
820	1.59	3 	D	1.55->1.59	[R with] [E acrobatic] [C agility] 	1	0	0	0	6		
820	1.63	3 	D	1.55->1.63	[C up] [N and] [C down] 	1	0	0	0	6		
820	1.100	1 	D	1.95->1.100	came	0	0	0	0	1		
820	1.125	1 	D	1.124->1.125	Well	0	0	0	0	1		
820	1.138	1 	D	1.135->1.138	poorly	0	1	0	0	1		
820	1.145	1 	D	1.140->1.145	practical	0	0	0	0	1		
820	1.155	1 	D	1.152->1.155	could	0	0	0	1	1		
820	1.170	1 	D	1.169->1.170	what	0	0	0	0	1		
821	1.22	2 	D	1.21->1.22	[E Not] [C once] 	1	0	1	0	4		
821	1.68	2 	D	1.67->1.68	no matter	0	0	1	0	2		
821	1.69	1 	D	1.67->1.69	how	0	0	0	0	1		
821	1.84	3 	D	1.74->1.84	[R in] [E perfect] [C contentment] 	1	0	0	0	6		
821	1.113	1 	D	1.111->1.113	n't	0	0	1	0	1		
821	1.117	2 	D	1.111->1.117	in him	0	0	0	0	2		
822	1.36	1 	D	1.34->1.36	Please	0	0	0	0	1		
823	1.6	1 	D	1.3->1.6	one	0	0	0	0	1		
823	1.22	1 	D	1.20->1.22	only	0	1	0	0	1		
823	1.25	4 	D	1.20->1.25	[R in] [E the] [E third] [C person] 	1	0	0	0	8		
823	1.38	1 	D	1.35->1.38	got	0	0	0	0	1		
824	1.13	1 	D	1.12->1.13	feverishly	0	1	0	0	1		
825	1.16	1 	D	1.15->1.16	Ordinarily	0	1	0	0	1		
825	1.22	3 	D	1.21->1.22	[C whether] [N or] [C not] 	1	0	1	0	6		
825	1.54	1 	D	1.52->1.54	could	0	0	0	1	1		
825	1.74	1 	D	1.72->1.74	could	0	0	0	1	1		
825	1.79	3 	D	1.72->1.79	[R as] [C easily] [R as] 	1	0	0	0	6		
825	1.91	1 	D	1.88->1.91	good	0	0	0	0	1		
825	1.92	1 	D	1.88->1.92	reason	0	0	0	0	1		
825	1.106	1 	D	1.100->1.106	most	0	0	0	0	1		
825	1.112	1 	D	1.110->1.112	would	0	0	0	1	1		
826	1.10	3 	D	1.2->1.10	[E a] [E third] [C time] 	1	0	0	0	6		
826	1.42	1 	D	1.40->1.42	Yes	0	0	0	0	1		
826	1.72	1 	D	1.69->1.72	As	0	0	0	0	1		
826	1.79	1 	D	1.68->1.79	serenely	0	1	0	0	1		
826	1.88	1 	D	1.86->1.88	have	0	0	0	0	1		
826	1.89	1 	D	1.86->1.89	n't	0	0	1	0	1		
826	1.106	2 	D	1.104->1.106	[C* Pack] [E can] 	1	0	0	0	4		
826	1.128	1 	D	1.126->1.128	n't	0	0	1	0	1		
826	1.129	1 	D	1.126->1.129	bother	0	0	0	0	1		
826	1.133	1 	D	1.132->1.133	just	0	0	0	0	1		
826	1.156	1 	D	1.145->1.156	ventured	0	0	0	0	1		
826	1.163	1 	D	1.161->1.163	'll	0	0	0	0	1		
826	1.205	1 	D	1.201->1.205	will	0	0	0	0	1		
826	1.236	1 	D	1.234->1.236	'll	0	0	0	0	1		
826	1.250	1 	D	1.248->1.250	'll	0	0	0	0	1		
826	1.275	1 	D	1.272->1.275	n't	0	0	1	0	1		
826	1.289	1 	D	1.287->1.289	Yes	0	0	0	0	1		
826	1.297	1 	D	1.287->1.297	certainly	0	1	0	0	1		
826	1.306	1 	D	1.285->1.306	evasively	0	1	0	0	1		
826	1.343	1 	D	1.337->1.343	really	0	1	0	0	1		
826	1.351	1 	D	1.350->1.351	slightly	0	1	0	0	1		
826	1.352	1 	D	1.350->1.352	less	0	0	0	0	1		
826	1.355	3 	D	1.345->1.355	that 's all	0	0	0	0	3		
826	1.380	1 	D	1.368->1.380	placidly	0	1	0	0	1		
827	1.62	1 	D	1.41->1.62	no	0	0	1	0	1		
827	1.66	1 	D	1.64->1.66	not	0	0	1	0	1		
827	1.83	2 	D	1.82->1.83	[E a] ... [C one] 	1	0	0	0	5		
827	1.91	1 	D	1.88->1.91	n't	0	0	1	0	1		
827	1.104	1 	D	1.100->1.104	can	0	0	0	0	1		
827	1.106	1 	D	1.100->1.106	quite	0	0	0	0	1		
827	1.114	3 	D	1.110->1.114	just the same	0	0	0	0	3		
828	1.27	1 	D	1.24->1.27	over	0	0	0	0	1		
828	1.33	1 	D	1.30->1.33	n't	0	0	1	0	1		
828	1.34	1 	D	1.30->1.34	want	0	0	0	0	1		
828	1.56	1 	D	1.52->1.56	n't	0	0	1	0	1		
828	1.64	1 	D	1.62->1.64	As	0	0	0	0	1		
829	1.23	3 	D	1.19->1.23	in a flash	0	0	0	0	3		
829	1.35	1 	D	1.30->1.35	n't	0	0	1	0	1		
829	1.51	1 	D	1.42->1.51	expertly	0	1	0	0	1		
829	1.51	1 	D	1.49->1.51	expertly	0	1	0	0	1		
830	1.58	1 	D	1.56->1.58	left	0	0	0	0	1		
830	1.93	1 	D	1.92->1.93	sufficient	0	0	0	0	1		
832	1.51	3 	D	1.48->1.51	[R in] [E the] [C presence] 	1	0	0	0	6		
833	1.49	2 	D	1.46->1.49	[R In] [C person] 	1	0	0	0	4		
835	1.8	1 	D	1.2->1.8	perfectly	0	1	0	0	1		
835	1.83	1 	D	1.80->1.83	considerable	0	0	0	0	1		
835	1.87	1 	D	1.86->1.87	still	0	0	0	0	1		
835	1.88	1 	D	1.86->1.88	not	0	0	1	0	1		
836	1.19	1 	D	1.16->1.19	well	0	0	0	0	1		
837	1.8	1 	D	1.4->1.8	quite	0	0	0	0	1		
837	1.23	2 	D	1.20->1.23	all due	0	0	0	0	2		
837	1.33	1 	D	1.32->1.33	as	0	0	0	0	1		
837	1.35	1 	D	1.32->1.35	as	0	0	0	0	1		
838	1.10	1 	D	1.6->1.10	proper	0	0	0	0	1		
839	1.35	1 	D	1.33->1.35	'd	0	0	0	0	1		
839	1.59	1 	D	1.55->1.59	would	0	0	0	1	1		
839	1.62	1 	D	1.55->1.62	without	0	0	0	0	1		
839	1.68	1 	D	1.66->1.68	would	0	0	0	1	1		
839	1.89	1 	D	1.84->1.89	might	0	0	0	1	1		
839	1.90	1 	D	1.84->1.90	well	0	0	0	0	1		
840	1.8	1 	D	1.3->1.8	n't	0	0	1	0	1		
840	1.9	1 	D	1.3->1.9	want	0	0	0	0	1		
840	1.39	1 	D	1.32->1.39	just	0	0	0	0	1		
841	1.19	1 	D	1.17->1.19	Aye	0	0	0	0	1		
842	1.81	3 	D	1.69->1.81	[R with] [E [P increasing] [A* speed] ] [C speed] 	1	0	0	0	9		
842	1.93	1 	D	1.88->1.93	majestically	0	1	0	0	1		
843	1.45	2 	D	1.32->1.45	[R in] [C succession] 	1	0	0	0	4		
843	1.61	1 	D	1.60->1.61	tightly	0	1	0	0	1		
844	1.25	1 	D	1.24->1.25	all	0	0	0	0	1		
844	1.55	2 	D	1.54->1.55	[E three] [C times] 	1	0	0	0	4		
844	1.139	4 	D	1.130->1.139	[E one] [E more] [C time] [U .] 	1	0	0	0	8		
845	1.12	1 	D	1.2->1.12	still	0	0	0	0	1		
845	1.19	1 	D	1.18->1.19	only	0	1	0	0	1		
846	1.52	2 	D	1.44->1.52	[E more] [C swiftly] 	1	0	0	0	4		
846	1.102	3 	D	1.72->1.102	[R at] [E full] [C steam] 	1	0	0	0	6		
passge_id	node_id	numChildren	edge_tag	edge_id	edge	composite	simple_adverb	negation	modal_aux	word_count	adjective	discontinuous
880	1.60	1 	D	1.57->1.60	n't	0	0	1	0	1		
880	1.104	3 	D	1.85->1.104	[C [E [C out] [R of] ] [C faith] ] [U ,] [C [E not] [C reason] ] 	1	0	1	0	15		
880	1.156	3 	D	1.155->1.156	[R on] [E his] [C way] 	1	0	0	0	6		
880	1.181	1 	D	1.177->1.181	would	0	0	0	1	1		
880	1.192	1 	D	1.188->1.192	would	0	0	0	1	1		
880	1.200	1 	D	1.198->1.200	No	0	0	1	0	1		
881	1.20	1 	D	1.15->1.20	could	0	0	0	1	1		
881	1.81	1 	D	1.79->1.81	would	0	0	0	1	1		
881	1.124	1 	D	1.123->1.124	could	0	0	0	1	1		
881	1.125	1 	D	1.123->1.125	n't	0	0	1	0	1		
881	1.146	1 	D	1.138->1.146	n't	0	0	1	0	1		
882	1.9	1 	D	1.3->1.9	only	0	1	0	0	1		
882	1.41	3 	D	1.35->1.41	[R with] [E scrupulous] [C care] 	1	0	0	0	6		
882	1.73	1 	D	1.71->1.73	first	0	0	0	0	1		
882	1.97	1 	D	1.92->1.97	got	0	0	0	0	1		
882	1.98	1 	D	1.92->1.98	proper	0	0	0	0	1		
883	1.7	1 	D	1.2->1.7	n't	0	0	1	0	1		
883	1.35	1 	D	1.31->1.35	would	0	0	0	1	1		
883	1.38	1 	D	1.31->1.38	fivescore	0	0	0	0	1		
883	1.39	1 	D	1.31->1.39	good	0	0	0	0	1		
883	1.62	1 	D	1.59->1.62	lone	0	0	0	0	1		
883	1.75	1 	D	1.72->1.75	utterly	0	1	0	0	1		
884	1.9	1 	D	1.2->1.9	carefully	0	1	0	0	1		
884	1.33	1 	D	1.31->1.33	No	0	0	1	0	1		
884	1.37	1 	D	1.31->1.37	could	0	0	0	1	1		
884	1.40	1 	D	1.31->1.40	better	0	0	0	0	1		
884	1.59	1 	D	1.57->1.59	hand	0	0	0	0	1		
884	1.100	1 	D	1.98->1.100	breech	0	0	0	0	1		
884	1.107	1 	D	1.106->1.107	very	0	0	0	0	1		
884	1.107	1 	D	1.113->1.107	very	0	0	0	0	1		
884	1.148	1 	D	1.136->1.148	could	0	0	0	1	1		
884	1.167	5 	D	1.136->1.167	[R without] [E the] [E least] [C bother] [U .] 	1	0	0	0	10		
885	1.8	1 	D	1.3->1.8	n't	0	0	1	0	1		
885	1.22	1 	D	1.18->1.22	still	0	0	0	0	1		
886	1.20	1 	D	1.17->1.20	no	0	0	1	0	1		
886	1.43	4 	D	1.28->1.43	[R to] [E a] [E high] [C degree] 	1	0	0	0	8		
886	1.51	2 	D	1.50->1.51	it took	0	0	0	0	2		
886	1.56	1 	D	1.55->1.56	truly	0	1	0	0	1		
886	1.65	1 	D	1.64->1.65	exceptionally	0	1	0	0	1		
887	1.5	1 	D	1.2->1.5	about	0	0	0	0	1		
887	1.33	1 	D	1.30->1.33	powerfully	0	1	0	0	1		
887	1.38	3 	D	1.36->1.38	[E* he] [R in] [C manner] 	1	0	0	0	6		
887	1.43	1 	D	1.42->1.43	not	0	0	1	0	1		
887	1.44	1 	D	1.42->1.44	very	0	0	0	0	1		
887	1.53	1 	D	1.52->1.53	quite	0	0	0	0	1		
887	1.73	2 	D	1.72->1.73	[R above] [C all] 	1	0	0	0	4		
888	1.13	1 	D	1.2->1.13	made	0	0	0	0	1		
888	1.16	1 	D	1.2->1.16	wise	0	0	0	0	1		
888	1.45	3 	D	1.25->1.45	[E all] [R by] [C himself] 	1	0	0	0	6		
888	1.53	1 	D	1.51->1.53	can	0	0	0	0	1		
888	1.55	2 	D	1.51->1.55	[E no] [C better] 	1	0	1	0	4		
888	1.70	1 	D	1.68->1.70	could	0	0	0	1	1		
888	1.78	1 	D	1.76->1.78	ready	0	0	0	0	1		
889	1.17	1 	D	1.16->1.17	as	0	0	0	0	1		
889	1.19	1 	D	1.16->1.19	as	0	0	0	0	1		
889	1.25	1 	D	1.23->1.25	must	0	0	0	0	1		
889	1.30	1 	D	1.27->1.30	definite	0	0	0	0	1		
889	1.51	2 	D	1.48->1.51	[E an] [C opportunity] 	1	0	0	0	4		
889	1.98	1 	D	1.95->1.98	already	0	0	0	0	1		
889	1.107	5 	D	1.95->1.107	[R back] [R in] [E the] [C days] [E [A* days] [R when] [A [E this] [C town] ] [T still] [S belonged] [A [R to] [C France] [U .] ] ] 	1	0	0	0	29		
890	1.3	3 	D	1.2->1.3	[C Little] [R by] [C little] 	1	0	0	0	6		
890	1.8	1 	D	1.2->1.8	developed	0	0	0	0	1		
890	1.49	4 	D	1.37->1.49	[R with] [E great] [E natural] [C lyricism] 	1	0	0	0	8		
890	1.60	2 	D	1.55->1.60	[E the] [C form] 	1	0	0	0	4		
891	1.43	1 	D	1.36->1.43	only	0	1	0	0	1		
891	1.60	1 	D	1.54->1.60	ask	0	0	0	0	1		
891	1.61	1 	D	1.54->1.61	only	0	1	0	0	1		
891	1.70	2 	D	1.69->1.70	[E the] [C longer] 	1	0	0	0	4		
892	1.23	1 	D	1.21->1.23	must	0	0	0	0	1		
892	1.28	1 	D	1.25->1.28	flatly	0	1	0	0	1		
892	1.30	1 	D	1.25->1.30	n't	0	0	1	0	1		
892	1.39	2 	D	1.38->1.39	[C alone] [E [R on] [C board] ] 	1	0	0	0	7		
892	1.47	1 	D	1.38->1.47	n't	0	0	1	0	1		
892	1.71	1 	D	1.65->1.71	felt	0	0	0	0	1		
892	1.72	1 	D	1.65->1.72	compelled	0	0	0	0	1		
894	1.41	1 	D	1.33->1.41	beyond	0	0	0	0	1		
894	1.51	2 	D	1.50->1.51	[E Quite] [C naturally] 	1	0	0	0	4		
894	1.78	1 	D	1.73->1.78	various	0	0	0	0	1		
894	1.95	1 	D	1.93->1.95	just	0	0	0	0	1		
894	1.96	1 	D	1.93->1.96	let	0	0	0	0	1		
894	1.99	1 	D	1.100->1.99	without	0	0	0	0	1		
894	1.102	1 	D	1.100->1.102	much	0	0	0	0	1		
894	1.109	3 	D	1.105->1.109	[E more] [C closely] [U .] 	1	0	0	0	6		
895	1.14	1 	D	1.4->1.14	how	0	0	0	0	1		
895	1.15	1 	D	1.4->1.15	can	0	0	0	0	1		
895	1.34	1 	D	1.31->1.34	have	0	0	0	0	1		
895	1.37	1 	D	1.31->1.37	particular	0	0	0	0	1		
895	1.42	1 	D	1.39->1.42	so	0	0	0	0	1		
896	1.22	5 	D	1.16->1.22	[R in] [E [C one] [R of] ] [E his] [E standard] [C gestures] 	1	0	0	0	13		
896	1.41	1 	D	1.38->1.41	himself	0	0	0	0	1		
896	1.52	1 	D	1.49->1.52	Just	0	0	0	0	1		
896	1.53	1 	D	1.49->1.53	maybe	0	0	0	0	1		
897	1.36	1 	D	1.32->1.36	should	0	0	0	0	1		
897	1.37	1 	D	1.32->1.37	easily	0	1	0	0	1		
897	1.51	3 	D	1.49->1.51	ought to be	0	0	0	0	3		
898	1.8	1 	D	1.5->1.8	just	0	0	0	0	1		
898	1.26	1 	D	1.21->1.26	may	0	0	0	0	1		
898	1.62	1 	D	1.56->1.62	n't	0	0	1	0	1		
898	1.109	2 	D	1.108->1.109	no matter	0	0	1	0	2		
898	1.110	1 	D	1.108->1.110	how	0	0	0	0	1		
898	1.130	1 	D	1.120->1.130	could	0	0	0	1	1		
899	1.23	1 	D	1.16->1.23	clean	0	0	0	0	1		
899	1.34	1 	D	1.29->1.34	maybe	0	0	0	0	1		
899	1.65	1 	D	1.63->1.65	'll	0	0	0	0	1		
899	1.80	1 	D	1.67->1.80	can	0	0	0	0	1		
899	1.109	1 	D	1.107->1.109	No	0	0	1	0	1		
899	1.111	1 	D	1.107->1.111	no	0	0	1	0	1		
899	1.135	1 	D	1.129->1.135	maybe	0	0	0	0	1		
899	1.148	1 	D	1.146->1.148	less	0	0	0	0	1		
899	1.158	1 	D	1.153->1.158	merely	0	1	0	0	1		
899	1.192	1 	D	1.187->1.192	n't	0	0	1	0	1		
899	1.215	1 	D	1.213->1.215	would	0	0	0	1	1		
899	1.216	1 	D	1.213->1.216	still	0	0	0	0	1		
899	1.218	1 	D	1.213->1.218	utterly	0	1	0	0	1		
899	1.253	1 	D	1.236->1.253	must	0	0	0	0	1		
900	1.5	1 	D	1.4->1.5	So	0	0	0	0	1		
900	1.13	4 	D	1.3->1.13	[R in] [E a] [E bantering] [C tone] 	1	0	0	0	8		
900	1.22	1 	D	1.4->1.22	just	0	0	0	0	1		
900	1.23	2 	D	1.4->1.23	keep on	0	0	0	0	2		
900	1.44	1 	D	1.43->1.44	Yes	0	0	0	0	1		
900	1.51	4 	D	1.42->1.51	[R with] [E a] [C conviction] [E [A* conviction] [P backed] [A [R by] [E factual] [C logic] ] ] 	1	0	0	0	18		
900	1.78	1 	D	1.74->1.78	powerful	0	0	0	0	1		
900	1.118	1 	D	1.115->1.118	tremendous	0	0	0	0	1		
900	1.119	1 	D	1.115->1.119	penetrating	0	0	0	0	1		
901	1.31	1 	D	1.27->1.31	n't	0	0	1	0	1		
901	1.32	1 	D	1.27->1.32	want	0	0	0	0	1		
902	1.8	1 	D	1.5->1.8	well	0	0	0	0	1		
902	1.19	1 	D	1.18->1.19	such	0	0	0	0	1		
902	1.59	1 	D	1.57->1.59	needs	0	0	0	0	1		
902	1.100	1 	D	1.98->1.100	takes	0	0	0	0	1		
902	1.101	1 	D	1.98->1.101	incalculable	0	0	0	0	1		
902	1.106	1 	D	1.104->1.106	just	0	0	0	0	1		
902	1.106	1 	D	1.115->1.106	just	0	0	0	0	1		
903	1.8	1 	D	1.3->1.8	really	0	1	0	0	1		
903	1.28	1 	D	1.24->1.28	really	0	1	0	0	1		
903	1.33	1 	D	1.31->1.33	can	0	0	0	0	1		
904	1.13	1 	D	1.4->1.13	can	0	0	0	0	1		
904	1.36	1 	D	1.35->1.36	not	0	0	1	0	1		
904	1.49	1 	D	1.48->1.49	Let	0	0	0	0	1		
904	1.95	1 	D	1.87->1.95	would	0	0	0	1	1		
904	1.96	1 	D	1.87->1.96	n't	0	0	1	0	1		
904	1.98	1 	D	1.87->1.98	quite	0	0	0	0	1		
904	1.99	1 	D	1.87->1.99	so	0	0	0	0	1		
904	1.249	1 	D	1.246->1.249	tantamount	0	0	0	0	1		
904	1.256	1 	D	1.254->1.256	could	0	0	0	1	1		
904	1.279	1 	D	1.267->1.279	would	0	0	0	1	1		
905	1.8	1 	D	1.6->1.8	have	0	0	0	0	1		
905	1.9	1 	D	1.6->1.9	n't	0	0	1	0	1		
905	1.10	2 	D	1.6->1.10	[E the] [C foggiest] 	1	0	0	0	4		
905	1.25	1 	D	1.22->1.25	About	0	0	0	0	1		
905	1.34	1 	D	1.33->1.34	As	0	0	0	0	1		
905	1.36	1 	D	1.33->1.36	as	0	0	0	0	1		
905	1.43	1 	D	1.39->1.43	Yes	0	0	0	0	1		
905	1.54	1 	D	1.47->1.54	actually	0	1	0	0	1		
905	1.91	1 	D	1.92->1.91	Without	0	0	0	0	1		
905	1.103	1 	D	1.104->1.103	Without	0	0	0	0	1		
905	1.114	1 	D	1.111->1.114	n't	0	0	1	0	1		
905	1.136	3 	D	1.124->1.136	[R with] [E equal] [C pressure] 	1	0	0	0	6		
905	1.154	1 	D	1.142->1.154	perfect	0	0	0	0	1		
905	1.160	2 	D	1.157->1.160	each other	0	0	0	0	2		
905	1.163	1 	D	1.162->1.163	allow	0	0	0	0	1		
905	1.168	1 	D	1.169->1.168	without	0	0	0	0	1		
905	1.189	1 	D	1.188->1.189	Yes	0	0	0	0	1		
905	1.200	1 	D	1.199->1.200	growing	0	0	0	0	1		
905	1.201	1 	D	1.199->1.201	more	0	0	0	0	1		
905	1.215	1 	D	1.213->1.215	n't	0	0	1	0	1		
905	1.327	1 	D	1.325->1.327	'd	0	0	0	0	1		
905	1.330	2 	D	1.325->1.330	[F as] [C flat] 	1	0	0	0	4		
905	1.336	1 	D	1.334->1.336	'd	0	0	0	0	1		
905	1.337	1 	D	1.334->1.337	just	0	0	0	0	1		
906	1.25	1 	D	1.24->1.25	proportionate	0	0	0	0	1		
906	1.58	1 	D	1.50->1.58	must	0	0	0	0	1		
906	1.90	1 	D	1.73->1.90	'd	0	0	0	0	1		
907	1.6	1 	D	1.4->1.6	'd	0	0	0	0	1		
907	1.7	1 	D	1.4->1.7	need	0	0	0	0	1		
907	1.64	1 	D	1.54->1.64	could	0	0	0	1	1		
907	1.69	1 	D	1.67->1.69	were	0	0	0	0	1		
907	1.71	4 	D	1.67->1.71	[R with] [E the] [C speed] [E [R of] [E an] [E express] [C train] ] 	1	0	0	0	15		
907	1.92	1 	D	1.90->1.92	Yes	0	0	0	0	1		
907	1.96	1 	D	1.90->1.96	indeed	0	0	0	0	1		
907	1.100	1 	D	1.90->1.100	maybe	0	0	0	0	1		
907	1.118	1 	D	1.117->1.118	still	0	0	0	0	1		
907	1.119	1 	D	1.117->1.119	not	0	0	1	0	1		
907	1.120	1 	D	1.117->1.120	willing	0	0	0	0	1		
907	1.167	1 	D	1.156->1.167	would	0	0	0	1	1		
907	1.168	1 	D	1.156->1.168	need	0	0	0	0	1		
907	1.171	1 	D	1.156->1.171	just	0	0	0	0	1		
907	1.172	1 	D	1.156->1.172	as	0	0	0	0	1		
907	1.176	0 	D	1.175->1.176		0	0	0	0	0		
907	1.196	1 	D	1.193->1.196	n't	0	0	1	0	1		
907	1.202	1 	D	1.201->1.202	how	0	0	0	0	1		
907	1.233	1 	D	1.219->1.233	hesitating	0	0	0	0	1		
907	1.253	1 	D	1.251->1.253	just	0	0	0	0	1		
907	1.254	1 	D	1.251->1.254	could	0	0	0	1	1		
907	1.255	1 	D	1.251->1.255	n't	0	0	1	0	1		
907	1.267	1 	D	1.266->1.267	unconsciously	0	1	0	0	1		
908	1.8	1 	D	1.3->1.8	nothing	0	0	1	0	1		
908	1.10	1 	D	1.3->1.10	other	0	0	0	0	1		
908	1.13	1 	D	1.11->1.13	how	0	0	0	0	1		
908	1.18	1 	D	1.11->1.18	could	0	0	0	1	1		
908	1.28	2 	D	1.21->1.28	[E no] [C further] 	1	0	1	0	4		
908	1.49	1 	D	1.43->1.49	enough	0	0	1	0	1		
908	1.54	2 	D	1.51->1.54	had to	0	0	0	0	2		
908	1.62	1 	D	1.59->1.62	n't	0	0	1	0	1		
908	1.71	1 	D	1.64->1.71	can	0	0	0	0	1		
908	1.73	2 	D	1.64->1.73	[E more] [C emphatically] 	1	0	0	0	4		
908	1.85	1 	D	1.80->1.85	n't	0	0	1	0	1		
908	1.94	1 	D	1.91->1.94	n't	0	0	1	0	1		
908	1.108	1 	D	1.106->1.108	must	0	0	0	0	1		
909	1.68	1 	D	1.65->1.68	would	0	0	0	1	1		
909	1.100	1 	D	1.97->1.100	would	0	0	0	1	1		
909	1.110	2 	D	1.56->1.110	had to	0	0	0	0	2		
passge_id	node_id	numChildren	edge_tag	edge_id	edge	composite	simple_adverb	negation	modal_aux	word_count	adjective	discontinuous
968	1.21	1 	D	1.18->1.21	no	0	0	1	0	1		
968	1.43	1 	D	1.41->1.43	just	0	0	0	0	1		
968	1.49	1 	D	1.44->1.49	could	0	0	0	1	1		
969	1.34	1 	D	1.30->1.34	n't	0	0	1	0	1		
969	1.90	1 	D	1.89->1.90	Anxious	0	0	0	0	1		
969	1.117	1 	D	1.112->1.117	such	0	0	0	0	1		
969	1.118	1 	D	1.112->1.118	good	0	0	0	0	1		
969	1.127	5 	D	1.122->1.127	[C right] [U -] [N and] [U -] [C left] 	1	0	0	0	10		
969	1.137	1 	D	1.121->1.137	not	0	0	1	0	1		
969	1.143	1 	D	1.142->1.143	two	0	0	0	0	1		
970	1.11	2 	D	1.6->1.11	had to	0	0	0	0	2		
970	1.21	1 	D	1.2->1.21	would	0	0	0	1	1		
970	1.22	1 	D	1.2->1.22	n't	0	0	1	0	1		
971	1.18	3 	D	1.2->1.18	[R with] [E prodigious] [C speed] 	1	0	0	0	6		
971	1.56	1 	D	1.51->1.56	unwilling	0	0	0	0	1		
971	1.66	1 	D	1.64->1.66	instead	0	0	0	0	1		
972	1.10	1 	D	1.2->1.10	unanimously	0	1	0	0	1		
972	1.17	1 	D	1.14->1.17	likely	0	1	0	0	1		
972	1.44	1 	D	1.40->1.44	could	0	0	0	1	1		
972	1.45	1 	D	1.40->1.45	n't	0	0	1	0	1		
973	1.91	1 	D	1.80->1.91	finally	0	1	0	0	1		
975	1.7	2 	D	1.3->1.7	[E amazingly] [C wide] 	1	0	0	0	4		
975	1.18	2 	D	1.17->1.18	a bit	0	0	0	0	2		
975	1.33	1 	D	1.11->1.33	n't	0	0	1	0	1		
975	1.34	1 	D	1.11->1.34	remain	0	0	0	0	1		
975	1.83	3 	D	1.68->1.83	[R by] [E fifty] [C percent] 	1	0	0	0	6		
975	1.88	4 	D	1.59->1.88	had an ... shot at	0	0	0	0	5		
975	1.89	1 	D	1.59->1.89	excellent	0	0	0	0	1		
976	1.7	1 	D	1.2->1.7	hardly	0	1	0	0	1		
976	1.25	1 	D	1.20->1.25	least	0	0	0	0	1		
976	1.33	1 	D	1.31->1.33	only	0	1	0	0	1		
976	1.33	1 	D	1.42->1.33	only	0	1	0	0	1		
976	1.53	5 	D	1.52->1.53	come rain or come shine	0	0	0	0	5		
976	1.56	2 	D	1.52->1.56	[E no] [C longer] 	1	0	1	0	4		
976	1.86	1 	D	1.84->1.86	eagerly	0	1	0	0	1		
976	1.109	1 	D	1.105->1.109	could	0	0	0	1	1		
976	1.114	2 	D	1.113->1.114	[E how many] [C times] 	1	0	0	0	5		
976	1.118	1 	D	1.113->1.118	shared	0	0	0	0	1		
976	1.158	1 	D	1.146->1.158	would	0	0	0	1	1		
976	1.159	1 	D	1.146->1.159	become	0	0	0	0	1		
976	1.160	1 	D	1.146->1.160	densely	0	1	0	0	1		
976	1.215	1 	D	1.213->1.215	nearly	0	1	0	0	1		
976	1.216	1 	D	1.213->1.216	went	0	0	0	0	1		
976	1.234	2 	D	1.231->1.234	as ever	0	0	0	0	2		
976	1.236	1 	D	1.227->1.236	kept	0	0	0	0	1		
976	1.241	4 	D	1.227->1.241	[R in] [E a] [E calm] [C tone] 	1	0	0	0	8		
976	1.257	1 	D	1.250->1.257	kindly	0	1	0	0	1		
976	1.258	1 	D	1.250->1.258	stop	0	0	0	0	1		
976	1.265	1 	D	1.261->1.265	farther	0	0	0	0	1		
977	1.4	1 	D	1.3->1.4	what	0	0	0	0	1		
977	1.31	1 	D	1.30->1.31	only	0	1	0	0	1		
977	1.58	3 	D	1.55->1.58	[E a] [C chorus] [R of] 	1	0	0	0	6		
978	1.8	1 	D	1.4->1.8	held	0	0	0	0	1		
978	1.22	1 	D	1.18->1.22	most	0	0	0	0	1		
978	1.64	1 	D	1.60->1.64	remained	0	0	0	0	1		
979	1.4	1 	D	1.2->1.4	still	0	0	0	0	1		
979	1.48	1 	D	1.46->1.48	no	0	0	1	0	1		
979	1.60	1 	D	1.57->1.60	marvelous	0	0	0	0	1		
979	1.68	1 	D	1.56->1.68	could	0	0	0	1	1		
979	1.82	1 	D	1.76->1.82	spent	0	0	0	0	1		
979	1.101	2 	D	1.100->1.101	[E [E A] [C hundred] ] [C times] 	1	0	0	0	7		
980	1.32	1 	D	1.28->1.32	would	0	0	0	1	1		
980	1.41	1 	D	1.40->1.41	Can	0	0	0	0	1		
980	1.42	1 	D	1.40->1.42	't	0	0	0	0	1		
980	1.48	1 	D	1.45->1.48	just	0	0	0	0	1		
980	1.50	2 	D	1.45->1.50	[R at] [C random] 	1	0	0	0	4		
980	1.66	1 	D	1.57->1.66	again	0	0	0	0	1		
980	1.78	1 	D	1.75->1.78	truly	0	1	0	0	1		
980	1.79	1 	D	1.75->1.79	willing	0	0	0	0	1		
980	1.91	1 	D	1.86->1.91	already	0	0	0	0	1		
980	1.93	2 	D	1.86->1.93	[R since] [C then] 	1	0	0	0	4		
980	1.112	1 	D	1.111->1.112	growing	0	0	0	0	1		
980	1.117	2 	D	1.115->1.117	[E too] [C long] 	1	0	0	0	4		
980	1.147	2 	D	1.142->1.147	[E even] [C better] 	1	0	0	0	4		
980	1.157	1 	D	1.153->1.157	n't	0	0	1	0	1		
980	1.167	1 	D	1.164->1.167	n't	0	0	1	0	1		
980	1.172	1 	D	1.171->1.172	naturally	0	1	0	0	1		
980	1.182	1 	D	1.178->1.182	swiftly	0	1	0	0	1		
980	1.187	1 	D	1.184->1.187	n't	0	0	1	0	1		
980	1.210	1 	D	1.207->1.210	already	0	0	0	0	1		
980	1.211	1 	D	1.207->1.211	long	0	0	0	0	1		
981	1.5	1 	D	1.2->1.5	no	0	0	1	0	1		
981	1.15	1 	D	1.11->1.15	just	0	0	0	0	1		
981	1.17	1 	D	1.11->1.17	blindly	0	1	0	0	1		
981	1.21	2 	D	1.20->1.21	[C how] [E else] 	1	0	0	0	4		
981	1.24	1 	D	1.20->1.24	could	0	0	0	1	1		
981	1.36	1 	D	1.31->1.36	automatically	0	1	0	0	1		
981	1.37	1 	D	1.31->1.37	pretty	0	0	0	0	1		
981	1.43	1 	D	1.41->1.43	still	0	0	0	0	1		
981	1.44	1 	D	1.41->1.44	felt	0	0	0	0	1		
981	1.54	1 	D	1.53->1.54	not	0	0	1	0	1		
981	1.61	1 	D	1.53->1.61	would	0	0	0	1	1		
982	1.55	1 	D	1.51->1.55	took	0	0	0	0	1		
982	1.58	2 	D	1.51->1.58	[E more] [C decisive] 	1	0	0	0	4		
982	1.61	1 	D	1.51->1.61	westward	0	0	0	0	1		
982	1.89	1 	D	1.85->1.89	best	0	0	0	0	1		
982	1.98	1 	D	1.97->1.98	keep	0	0	0	0	1		
982	1.124	1 	D	1.123->1.124	No	0	0	1	0	1		
982	1.138	1 	D	1.135->1.138	n't	0	0	1	0	1		
982	1.152	1 	D	1.147->1.152	well	0	0	0	0	1		
983	1.5	1 	D	1.2->1.5	finally	0	1	0	0	1		
983	1.29	1 	D	1.22->1.29	became	0	0	0	0	1		
983	1.37	1 	D	1.33->1.37	hideously	0	1	0	0	1		
983	1.84	3 	D	1.83->1.84	[E [E Twenty] [C times] ] [E a] [C day] 	1	0	0	0	9		
983	1.122	1 	D	1.120->1.122	intolerable	0	0	0	0	1		
983	1.134	3 	D	1.132->1.134	[E twenty] [C times] [R over] 	1	0	0	0	6		
983	1.150	2 	D	1.148->1.150	[E so] [C intense] 	1	0	0	0	4		
983	1.161	2 	D	1.154->1.161	bound to	0	0	0	0	2		
984	1.10	1 	D	1.3->1.10	n't	0	0	1	0	1		
984	1.56	1 	D	1.55->1.56	abruptly	0	1	0	0	1		
984	1.61	1 	D	1.59->1.61	sharply	0	1	0	0	1		
984	1.73	1 	D	1.71->1.73	suddenly	0	1	0	0	1		
984	1.85	3 	D	1.75->1.85	[R in] [E quick] [C succession] 	1	0	0	0	6		
984	1.91	4 	D	1.90->1.91	at the risk of	0	0	0	0	4		
984	1.101	1 	D	1.98->1.101	n't	0	0	1	0	1		
984	1.102	1 	D	1.98->1.102	leave	0	0	0	0	1		
984	1.146	0 	D	1.145->1.146		0	0	0	0	0		
984	1.147	1 	D	1.145->1.147	remotely	0	1	0	0	1		
984	1.178	3 	D	1.177->1.178	[E the] [E least] [C bit] 	1	0	0	0	6		
985	1.83	1 	D	1.82->1.83	grew	0	0	0	0	1		
985	1.84	1 	D	1.82->1.84	steadily	0	1	0	0	1		
985	1.85	1 	D	1.82->1.85	more	0	0	0	0	1		
985	1.98	3 	D	1.95->1.98	[R over] [E a] [C year] 	1	0	0	0	6		
985	1.103	3 	D	1.88->1.103	[E all] [R at] [C once] 	1	0	0	0	6		
985	1.114	1 	D	1.109->1.114	wanted	0	0	0	0	1		
985	1.115	1 	D	1.109->1.115	only	0	1	0	0	1		
985	1.138	2 	D	1.135->1.138	[E so] [C stupidly] 	1	0	0	0	4		
986	1.3	4 	D	1.2->1.3	[R With] [E typical] [E human] [C fickleness] 	1	0	0	0	8		
986	1.39	1 	D	1.38->1.39	most	0	0	0	0	1		
986	1.83	4 	D	1.81->1.83	had n't been for	0	0	1	0	4		
986	1.88	1 	D	1.81->1.88	characteristic	0	0	0	0	1		
986	1.94	1 	D	1.77->1.94	would	0	0	0	1	1		
986	1.95	1 	D	1.77->1.95	ultimately	0	1	0	0	1		
987	1.8	1 	D	1.4->1.8	futile	0	0	0	0	1		
987	1.10	1 	D	1.3->1.10	could	0	0	0	1	1		
987	1.11	1 	D	1.3->1.11	n't	0	0	1	0	1		
987	1.27	1 	D	1.25->1.27	could	0	0	0	1	1		
987	1.34	1 	D	1.32->1.34	no	0	0	1	0	1		
987	1.63	1 	D	1.60->1.63	n't	0	0	1	0	1		
988	1.7	3 	D	1.2->1.7	[R to] [E this] [C effect] 	1	0	0	0	6		
988	1.29	1 	D	1.25->1.29	could	0	0	0	1	1		
988	1.30	1 	D	1.25->1.30	n't	0	0	1	0	1		
988	1.50	1 	D	1.47->1.50	unwilling	0	0	0	0	1		
988	1.117	1 	D	1.112->1.117	n't	0	0	1	0	1		
988	1.123	1 	D	1.99->1.123	would	0	0	0	1	1		
988	1.124	1 	D	1.99->1.124	give	0	0	0	0	1		
988	1.125	1 	D	1.99->1.125	three	0	0	0	0	1		
988	1.137	1 	D	1.133->1.137	would	0	0	0	1	1		
989	1.8	1 	D	1.2->1.8	given	0	0	0	0	1		
989	1.40	3 	D	1.33->1.40	[R with] [E renewed] [C care] 	1	0	0	0	6		
989	1.94	1 	D	1.89->1.94	no	0	0	1	0	1		
989	1.95	1 	D	1.89->1.95	acceptable	0	0	0	0	1		
990	1.13	3 	D	1.8->1.13	[R at] [E half] [C steam] 	1	0	0	0	6		
990	1.28	1 	D	1.23->1.28	might	0	0	0	1	1		
990	1.83	1 	D	1.80->1.83	great	0	0	0	0	1		
990	1.115	1 	D	1.113->1.115	n't	0	0	1	0	1		
990	1.116	1 	D	1.113->1.116	leave	0	0	0	0	1		
990	1.144	1 	D	1.137->1.144	still	0	0	0	0	1		
991	1.40	2 	D	1.28->1.40	have to	0	0	0	0	2		
991	1.57	1 	D	1.47->1.57	decisively	0	1	0	0	1		
992	1.55	1 	D	1.50->1.55	just	0	0	0	0	1		
992	1.84	1 	D	1.79->1.84	placidly	0	1	0	0	1		
993	1.56	3 	D	1.50->1.56	[C little] [R by] [C little] 	1	0	0	0	6		
994	1.13	2 	D	1.10->1.13	[E just] [C barely] 	1	0	0	0	4		
994	1.27	1 	D	1.28->1.27	general	0	0	0	0	1		
994	1.40	1 	D	1.39->1.40	Perhaps	0	0	0	0	1		
996	1.9	1 	D	1.6->1.9	will	0	0	0	0	1		
996	1.23	1 	D	1.18->1.23	expected	0	0	0	0	1		
996	1.36	1 	D	1.31->1.36	could	0	0	0	1	1		
996	1.44	1 	D	1.42->1.44	none	0	0	1	0	1		
997	1.22	2 	D	1.14->1.22	[R after] [C all] 	1	0	0	0	4		
997	1.33	2 	D	1.27->1.33	[E too] [C hastily] 	1	0	0	0	4		
997	1.38	1 	D	1.37->1.38	What	0	0	0	0	1		
997	1.47	1 	D	1.46->1.47	what	0	0	0	0	1		
997	1.50	1 	D	1.46->1.50	futile	0	0	0	0	1		
997	1.61	1 	D	1.73->1.61	we	0	0	0	0	1		
997	1.61	1 	D	1.87->1.61	we	0	0	0	0	1		
997	1.62	1 	D	1.56->1.62	could	0	0	0	1	1		
997	1.101	1 	D	1.96->1.101	would	0	0	0	1	1		
997	1.117	1 	D	1.111->1.117	would	0	0	0	1	1		
997	1.137	1 	D	1.135->1.137	would	0	0	0	1	1		
997	1.157	2 	D	1.154->1.157	Quite so	0	0	0	0	2		
997	1.170	1 	D	1.167->1.170	will	0	0	0	0	1		
997	1.188	1 	D	1.180->1.188	serenely	0	1	0	0	1		
997	1.208	1 	D	1.206->1.208	must	0	0	0	0	1		
997	1.221	1 	D	1.219->1.221	must	0	0	0	0	1		
997	1.237	1 	D	1.235->1.237	will	0	0	0	0	1		
997	1.240	1 	D	1.235->1.240	right	0	0	0	0	1		
997	1.249	1 	D	1.247->1.249	How	0	0	0	0	1		
997	1.262	2 	D	1.259->1.262	[E the] [C honor] 	1	0	1	0	4		
997	1.279	1 	D	1.277->1.279	must	0	0	0	0	1		
997	1.280	1 	D	1.277->1.280	n't	0	0	1	0	1		
998	1.5	1 	D	1.2->1.5	n't	0	0	1	0	1		
998	1.32	1 	D	1.15->1.32	became	0	0	0	0	1		
